VIN,Manufacturer_name,Model_name,Model_year,Invoice_price,Description,CustomerID,Sold_date,Sold_price,Add_date,Type,Sold_by,Added_by
00AIVKIDO01487633,Lincoln,LS,2006,5315.01,,110,2020-12-13,6307.12,2020-7-17,VanMinivan,user19,user09
01WR7E2ZMCD216522,Mitsubishi,FE145,2006,2572,automatic safety features; ,5,2021-6-28,3761.09,2021-2-9,SUV,user10,user18
06XZOKN8UAY309163,SAAB,9-5,2004,1177.06,,56,2020-3-7,1263.15,2020-2-13,SUV,roland,user25
073HOEWCHAF741925,INFINITI,QX56,2013,4488.9,,53,2021-3-6,6395.17,2021-2-20,Car,user10,user18
07TSE0YYIZF380247,Honda,CR125R,2003,2262.77,good gear; disc brake; disc brake; ,55,2020-10-27,2271.02,2020-4-11,VanMinivan,user04,user20
07W0YPOJ5ME337155,Aston Martin,V8 VANTAGE,2009,3976.03,,170,2021-4-11,5541.84,2020-9-2,VanMinivan,user10,roland
0BT52YYB1L8670257,Mercedes-Benz,SLK350,2012,13651.83,coupe; ,56,2020-11-21,15835.96,2020-3-15,SUV,user32,user27
0EPPRCZZ8NW751990,Lotus,EXIGE,2010,4789.06,superturbocharger; crankcase; ,187,2020-12-6,5682.03,2020-7-22,Convertible,roland,user18
0I0Q707FJ2E520815,Chrysler,VOYAGER,2002,1561.77,supernew catalytic converter; ,153,2021-3-11,2110.63,2020-9-25,VanMinivan,user04,user03
0K0DP4SDKL0912273,BMW,ALPINA B7L XDRIVE,2013,3044.58,power train; ,15,2020-9-22,3323.71,2020-3-21,Convertible,user01,user27
0T8OJLNDGOE809956,Rolls-Royce,GHOST,2021,3972.65,four-wheel drive; high differential; strong muffler; ,,,,2020-6-26,VanMinivan,,user03
0UBBG820VBK445621,Volkswagen,LUPO,2007,3628.68,best possible traction; autotachometer; ,183,2021-4-21,3914.2,2020-2-27,Convertible,user21,user11
0VWWXBNXE6N897485,Jeep,GRAND CHEROKEE,2007,1006.68,ultra new transmission; best sedan; ,63,2020-10-1,1543.97,2020-4-18,SUV,user23,user25
0WPI14P1N3Y139809,INFINITI,EX35,2008,4256.41,automatic transmission; ,123,2021-1-29,4839.43,2021-1-16,Convertible,user01,user03
0YQVT1ME4G3999928,Bentley,ARNAGE,2002,1085.89,front wheel drive; ,180,2021-6-2,1900.06,2021-5-23,Truck,user21,user03
138J6387R5R404455,Chevrolet,W3500 TILTMASTER,2003,1492.24,all passive safety features; ,,,,2020-3-22,Truck,,user20
15G3KHMPQ6Q659826,Lotus,EVORA,2013,4054.4,anti-lock brake system (ABS); great stabilizer bar; ,104,2020-11-7,4525.43,2020-1-12,Car,user22,user05
1D5LRLSWAOI565071,Ford,ECONOLINE VAN,2012,4325.62,safe oil ring; ,,,,2020-10-10,SUV,,user14
1DQL1LHOWDJ517215,Subaru,OUTBACK,2004,1284.63,crumple zones; oversteer; ,188,2021-1-16,1293.88,2020-5-2,Truck,user06,user07
1EF7NFU0EUT973245,Toyota,SIENNA,2002,3105.79,check the Monroney sticker - theer is nothing better than this vehicle; ,102,2020-10-28,3005.66,2020-10-18,Truck,user10,user25
1FU8E0GMYMW270793,Tesla,S,2013,2654.48,,188,2020-5-9,3400,2020-3-31,Car,user21,user14
1NGZ4FLKC0Y272420,Lexus,ES350,2021,1135.53,high block; drive shaft; ,83,2021-6-5,2443.11,2020-6-9,Truck,user10,user25
1XHDZEREQ7I052484,MINI,COUNTRYMAN,2012,6000.85,broad wheelbase; ,128,2021-3-21,6786.62,2020-2-16,Convertible,user04,user16
20DS0RGMDXW132327,MAZDA,B2300,2007,1800.98,disc brake; drum brake; good gear; ,71,2021-6-9,1959.43,2021-6-7,SUV,user10,user26
21SSFP0O1TZ975822,Ferrari,ENZO,2004,2527.5,overdrive; ,65,2021-5-19,2942.34,2020-12-7,Convertible,user04,user18
222BHPCRR2U716446,Honda,CR-V,2001,2205.84,modern dashboard; ,192,2020-12-5,4007.78,2020-5-3,VanMinivan,user23,user14
23XU4U8IFDL261229,Jaguar,XK,2007,1812.08,original equipment manufacturer (OEM) parts; ,50,2021-2-24,3239.44,2020-9-10,Truck,user21,user05
26OCQWEQYJV636712,Cadillac,ESCALADE,2014,2573.46,can be used as sports car; ,105,2021-6-19,2519.51,2021-6-15,Car,user22,user26
26RIMRHVSQK619881,Cadillac,SRX,2006,1647.53,superturbocharger; electronic transmission; ,174,2020-11-26,1359.46,2020-7-5,Convertible,roland,user09
280ECEXOEHP375800,Subaru,IMPREZA,2001,1541.24,innovative air bags; ,163,2021-5-6,3306.53,2021-2-5,SUV,user10,roland
2GJ51MZ0A1N199895,Lamborghini,GALLARDO,2013,2743.31,best radiator; ,38,2021-2-22,4181.44,2020-6-26,Convertible,user21,user09
2H6ZZF8OOXC822443,Lotus,EXIGE,2008,4789.06,no backfire/backfiring; ,134,2020-6-29,4707.07,2020-6-10,Truck,user22,user27
2JFUVPW8OEP241581,Mercedes-Benz,R350,2008,3521.82,engine displacement; ,121,2021-6-4,3585.97,2020-9-14,VanMinivan,user22,user25
2JS82H11FSA911163,BMW,535XI,2008,4247.5,high torque; ,13,2021-4-15,4549.97,2020-10-26,Truck,user22,user11
2M2YYWOTASX195835,Audi,A6,2005,1754.25,no backfire/backfiring; ,,,,2020-5-31,Convertible,,user18
2MNNLWJKNT4620363,Freightliner,108SD,2013,2448.74,,87,2021-3-15,3710.95,2021-2-9,Car,user04,user07
2NMR3SMFNAZ813043,Lamborghini,GALLARDO,2020,2743.31,superturbocharger; disc brake; ,82,2021-6-21,2956.55,2020-10-28,Truck,user32,roland
2PLFCGV5R7I019543,Acura,CSX,2010,1291.57,no understeer; best radiator; ,,,,2020-10-10,VanMinivan,,user27
2PTE667K3PZ151997,Volkswagen,EUROVAN,2002,4051.61,best radiator; ,,,,2020-5-27,VanMinivan,,user26
2UL7JBUREY0725461,Kia,OPTIMA,2010,4319.61,,161,2021-5-31,4768.2,2021-5-13,SUV,user23,user27
2W7BN5RJGCI094698,Nissan,XTERRA,2013,10249.6,high block; ,21,2021-6-26,11315.92,2020-12-18,Convertible,user21,user14
2XMKC0W8ARB619752,Volkswagen,TOUAREG,2007,1655.83,,152,2020-7-12,2419.75,2020-5-27,Convertible,user01,user09
2ZGQSMRVMSR266772,Nissan,TITAN,2018,1175.9,broad wheelbase; crumple zones; high differential; ,124,2021-6-30,1354.38,2021-6-1,SUV,roland,user05
31C70O0QKDA098851,Land Rover,RANGE ROVER,2012,3972.38,,,,,2020-6-26,Car,,user11
36GPKZLLJM1116960,Maserati,GRANTURISMO,2017,4817.69,automatic torque converter; ,180,2020-4-26,5496.27,2020-3-15,Convertible,user04,user27
36HU6JXKV0B908236,Land Rover,RANGE ROVER,2007,3972.38,,139,2020-7-6,4559.97,2020-3-10,Car,user04,user11
3856NH1QBEC536316,Audi,A5,2012,1984.66,,183,2020-1-18,2243.57,2020-1-14,VanMinivan,user23,user27
3A03KTHXJ6O098081,Volvo,XC70,2005,3369.1,front axle assembly; automatic torque converter; ,189,2021-6-10,3485.45,2021-3-7,Car,user04,user26
3A3OOF2JN5W951740,Toyota,TUNDRA,2003,1763.04,sturdy rear axle assembly; ,61,2021-7-3,2686.69,2021-7-2,SUV,user32,user27
3BZD4P4QMXX657876,Freightliner,FC80,2005,2168.4,superturbocharger; ,62,2020-2-25,3285.81,2020-2-2,Convertible,roland,user26
3C8P2TNWAH7477883,Acura,NSX,2004,3536.16,engine displacement; wide transaxle; front axle assembly; ,195,2020-3-23,3359.43,2020-1-20,Convertible,user06,user18
3J73EOBU1AT381615,Ram,PROMASTER 1500,2014,6607.68,anti-lock brake system (ABS); ,167,2021-7-2,7097.88,2020-7-7,SUV,user21,user26
3JLCARWCAYY553033,Lincoln,MKZ,2010,1131.87,gap; ,186,2021-6-20,1246.74,2020-2-10,Truck,user21,user11
3LSIXEX21UG135253,Land Rover,LR2,2015,5110.4,strong muffler; ,26,2020-7-17,6301.2,2020-2-8,SUV,user23,user11
3PO4C2PYJG2012419,Subaru,IMPREZA,2009,2629.98,best possible traction; ,159,2021-6-9,3011.23,2021-6-1,Car,user32,user14
3WLVE4GIZOK699230,Lincoln,MARK LT,2007,1565.57,engine displacement; ,73,2021-7-3,4262.73,2021-6-25,Truck,user10,user26
40ZV2CDNP4T119176,MINI,COOPER,2008,2531.54,modern dashboard; ,181,2021-5-6,5317.24,2021-4-8,SUV,user06,user05
41D7ZAIOT2O903612,Dodge,RAM 4000,2005,4109.53,,,,,2020-9-27,VanMinivan,,user11
42RZCIYGO3E765775,Lamborghini,GALLARDO,2006,2743.31,best suspension; ,,,,2021-5-11,SUV,,user26
4AO3LKJSBVK865142,Audi,A3 QUATTRO,2006,3939,power train; ,116,2021-5-26,3794.77,2021-3-30,SUV,user01,user27
4ILM6P01OC4089888,Maserati,GRANSPORT,2005,3432.06,small spark plug gap; no backfire/backfiring; station wagon (Also known as wagon.); ,184,2021-2-11,3661.32,2021-1-19,Car,user19,user11
4J0U15MIVG3154225,Honda,TRX500FPE FOURTRAX FOREMAN 4X4 ES W,2009,2749.7,,108,2021-3-20,4355.85,2020-8-18,SUV,roland,user09
4JT7M5DVI8N560897,Freightliner,MT55,2005,1584.17,high torque; ,7,2021-6-13,1345.31,2021-2-26,Convertible,roland,user03
4M0LNVY3QN7194734,MINI,COOPER PACEMAN,2019,3002.73,all passive safety features; sturdy side impact beams; ,79,2020-6-11,3726.94,2020-6-6,VanMinivan,user32,user03
4MN32RC4IOG603247,Lincoln,MKS,2011,1102.12,automatic valves; ,131,2021-2-28,2638.2,2020-1-24,Car,user23,user07
4QJE0AIYWQG719639,Jaguar,VANDEN PLAS,2001,1423.06,front axle assembly; ,174,2021-7-3,2214.62,2021-5-26,VanMinivan,user32,user25
4U6EIHP6IVH261573,Ram,DAKOTA,2010,2960.28,high torque; ,137,2021-5-4,3626.51,2020-12-17,SUV,user06,user27
4VCO5FCED7G676135,Tesla,S,2015,2654.48,automatic safety features; ,151,2021-2-8,2983.47,2021-1-14,Car,user04,user05
4ZDD0PLHYQ2396481,BMW,F650GS DAKAR ABS,2005,1724.77,,173,2021-5-19,1748.3,2020-5-17,Car,user01,user25
517DV0QLBFR999628,Bentley,MULSANNE,2015,1557.58,gap; ,96,2021-4-29,1622.87,2020-11-17,VanMinivan,user22,roland
52RI0SIMIEO259872,Hyundai,EQUUS,2011,1361.52,drive shaft; ,43,2021-5-24,1950.84,2021-3-16,SUV,user01,user20
55BNEOM74SD548903,Ferrari,FF,2017,1800.15,manual transmission; ,8,2021-5-23,2886.07,2020-1-24,SUV,user32,user20
572N6O1FPHF266007,GMC,CANYON,2005,1318.35,,195,2021-3-21,1555.08,2021-1-2,Convertible,user04,user26
57QKKXRE3D4530992,Volvo,S80,2005,2654.27,,41,2021-5-18,2588.69,2021-3-17,Convertible,user21,user11
5BJ3ZR2EH6A861494,McLaren,MP4-12C,2018,5800.97,autotachometer; ,4,2020-9-9,8042.42,2020-7-28,Car,user04,user27
5BYUV0G3UUI083209,Aston Martin,V8 VANTAGE,2009,3976.03,no understeer; engine displacement; best sedan; ,162,2021-5-3,3884.37,2020-8-13,VanMinivan,user06,roland
5CB4NEI0MK5675645,Dodge,RAM 1500,2002,4949.98,no redline; ,145,2021-5-28,6015.46,2021-4-9,Convertible,user22,user11
5FJS67P7IPP595990,Jaguar,VANDEN PLAS,2005,1423.06,autotachometer; ,,,,2020-2-28,SUV,,user09
5NBXLBXN4X5470477,GMC,YUKON,2001,1232.23,,32,2021-6-27,2154.52,2021-6-19,SUV,roland,user26
5PIT4XQ2IDT961455,Honda,RIDGELINE,2006,1160.69,no understeer; rack and pinion steering; ,7,2020-9-27,2334.95,2020-8-19,SUV,user10,user09
5RCHA2RQSKN126776,BMW,520I,2016,3588.98,oversteer; ,49,2020-11-26,3785.84,2020-11-7,Truck,user10,user07
5T4361QO304945721,Lotus,ELISE,2010,3400.69,hatchback; ,93,2020-12-3,4867.61,2020-5-31,VanMinivan,user21,user11
5UQZITKQTP7241158,Freightliner,FL106,2003,5166.94,modern dashboard; detail; ,197,2021-1-11,5032.9,2020-10-14,SUV,user21,user03
5W5DTMZTE7I312231,Dodge,RAM 3500 PICKUP,2002,6365.84,,57,2020-8-24,6975.02,2020-3-30,SUV,user32,user25
60A35P7VZQO153588,Rolls-Royce,PHANTOM,2005,1706.99,engine displacement; ultra new transmission; innovative air bags; ,,,,2020-11-7,SUV,,user14
60R1UZM2YJQ922532,Jaguar,XKR-S,2020,5005.4,,65,2021-6-30,6504.39,2020-12-20,Convertible,user06,user16
61ZH3G2YGUO461519,Volvo,S40,2009,2065.21,automatic valves; ,32,2021-4-1,3189.05,2021-3-1,Car,user19,user25
62EPDI1EYYJ402081,GMC,SAVANA 2500,2001,3037.76,check the Monroney sticker - theer is nothing better than this vehicle; crankcase; ,173,2020-8-28,3145.13,2020-3-25,SUV,user06,user11
65AR6E3EWLS157544,FIAT,DUCATO,2014,1265.69,electronic transmission; ,101,2020-4-18,1652.99,2020-2-21,Convertible,user21,user03
68T41LUUBBY587797,Lamborghini,DIABLO,2001,5138.38,convertible; ,,,,2020-1-16,Truck,,user05
6ACP1HSTRBZ522953,Subaru,B9 TRIBECA,2006,1641.46,automatic valves; ,,,,2021-2-28,Convertible,,user03
6EO0EFPPJU8942538,Audi,S4,2005,4719.36,,91,2021-1-23,5807.24,2021-1-22,Truck,user04,user26
6FEEUSROFOI436591,Chevrolet,TAHOE,2002,6293.85,great rpms; wide chassis; ,88,2021-3-2,7161.07,2020-12-7,VanMinivan,user04,user25
6HE6INXKVOC685258,MAZDA,CX-5,2013,1745.11,anti-lock brake system (ABS); ,82,2021-6-24,2263.75,2021-5-19,Truck,user23,user25
6HTUBB0KRJ1407886,Mercedes-Benz,CL500,2013,2160.72,power train; best suspension; ,195,2021-5-8,2287.66,2020-11-27,Convertible,user08,roland
6MEJXRJQ5O7025667,Cadillac,ESCALADE,2003,2573.46,overdrive; ,101,2020-12-27,3293.82,2020-8-5,VanMinivan,user01,user27
6N4TXWYA8PC030787,Lexus,IS F,2010,1705.58,super new ignition system; ,85,2021-2-12,1437.11,2021-1-20,SUV,roland,user09
6OAIXJI3HM8002365,Porsche,CAYMAN,2021,6186.1,automatic torque converter; ,100,2020-11-12,6411.85,2020-9-3,SUV,user21,user16
6OGX85SZXHN770887,Acura,ILX,2020,6722.11,autotachometer; ,71,2020-10-1,9580.36,2020-4-30,SUV,user08,user20
6ONV5QC8SUL616218,Kia,OPTIMA,2013,4319.61,wide transaxle; ,83,2021-4-5,6045.3,2021-3-23,SUV,user32,roland
6OT5NQTDYEP073810,Volvo,XC70,2013,3369.1,best possible traction; ,11,2021-4-29,3897.01,2020-12-18,VanMinivan,user08,user14
6PM6SVF3CVX504384,INFINITI,QX56,2012,4488.9,best oil pump; ,169,2021-6-30,4084.16,2021-4-24,Car,roland,user27
6WN3XFUV8Z6152313,Mercedes-Benz,R320,2008,4510.97,high differential; ,90,2021-5-5,4796.55,2021-3-1,Convertible,user19,user18
73UHS1Z0DKT693966,smart,FORTWO,2010,4201.18,very hard struts; innovative air bags; ,156,2021-5-24,5931.14,2020-4-1,Car,user08,user03
75QOYF2KTKC266578,Subaru,BAJA,2003,1844.24,ultra new transmission; ,152,2020-7-27,3023.43,2020-4-2,Convertible,user19,user09
75VPS26W4QR001314,Nissan,X-TRAIL,2013,1175.09,very hard struts; ,132,2021-6-26,1667.87,2021-6-26,VanMinivan,user23,user14
7754T022K8E889647,Honda,CRF125FB BIG WHEEL,2017,10546.56,,40,2020-11-2,9114.65,2020-9-7,Truck,roland,user16
7BTXGZIH8NM209911,Acura,MDX,2010,1688.35,,,,,2020-12-12,Car,,user05
7I0HJOT53IT807735,Dodge,GRAND CARAVAN,2013,1043.48,minivan; engine displacement; wide transaxle; ,,,,2020-12-29,VanMinivan,,user26
7I23Y4E5RZ7655655,Dodge,DURANGO,2004,2533.66,best possible traction; super new ignition system; ,149,2021-7-1,4480.69,2021-4-20,Convertible,user06,user05
7KAYIOOSAYZ172761,Alfa Romeo,4C,2016,3543.33,best possible traction; ,10,2020-12-6,5442.24,2020-9-24,SUV,user06,user05
7PFC2F3KDN7669570,Lamborghini,DIABLO,2001,5138.38,innovative air bags; ,198,2021-6-2,5026.36,2020-5-28,Truck,user06,user14
7PL0G4ZAASO991142,Ford,FOCUS,2018,7174.13,wide chassis; ,164,2021-2-28,6840.39,2021-2-20,SUV,user04,user14
7U1WAVAPBF2458008,Chevrolet,COLORADO,2011,1474.42,air filtration system; ,146,2020-6-24,1476.96,2020-1-27,Truck,user22,user11
7WLNYOXO5P1099432,Lotus,EXIGE,2006,4789.06,coupe; ,25,2021-6-20,6102.2,2021-2-7,Convertible,user21,user09
7WNL4MP2M8Q856796,Hyundai,HMD 260,2003,2367.42,best suspension; ,79,2020-12-27,3207.51,2020-3-2,Car,user08,user27
7XKJRIZ0285479470,Dodge,SX 2.0,2005,4140.89,,177,2020-11-30,3970.6,2020-10-3,VanMinivan,user01,roland
7XQG7TYXPF4141639,Nissan,PATHFINDER,2006,3402.17,superturbocharger; ,175,2021-4-17,3467.96,2021-1-24,Car,user21,user09
83L3CNAESZD022827,Mitsubishi,FE125,2008,1104.39,very hard struts; ,130,2021-3-27,1210.37,2020-4-29,Truck,user06,user20
88PR6O51FFE411202,Volkswagen,TOUAREG,2011,1655.83,disc brake; power train; ,,,,2020-5-20,SUV,,user27
88WPSV7V73S064896,Honda,CB500F ABS,2014,2130.55,original equipment manufacturer (OEM) parts; ,129,2021-4-25,2547.31,2021-2-23,SUV,user06,user16
8AWRIWHIOB7240899,Mitsubishi,FK260,2009,1187.66,strong muffler; ,158,2021-5-14,2338.21,2020-11-6,Truck,user06,user16
8CQ47AK2LFM523345,Jeep,PATRIOT,2008,1501.48,can be used as sports car; ,18,2020-8-6,1216.14,2020-3-4,Car,roland,user18
8DPBPQ225LD772299,Lexus,RC350,2016,7278.85,,59,2021-4-5,7651.56,2021-3-2,SUV,user23,user03
8G3LUP7YDIR245248,Bentley,ARNAGE,2004,1085.89,crankcase; ,145,2021-6-17,3013.04,2020-6-3,SUV,user32,user07
8MRNKO3ZQ1T953377,Jaguar,XJ,2015,2202.21,rear wheel drive; ,9,2020-11-27,2272.39,2020-9-13,Convertible,user23,user03
8RS6MDUB5YB272372,Rolls-Royce,PHANTOM,2004,1706.99,minivan; high block; ,42,2021-2-20,1872.88,2020-12-28,SUV,user19,user03
8X1ZMNTEG8V581855,GMC,W3500 FORWARD,2001,1951.52,safe oil ring; ,149,2021-6-23,2018.77,2021-6-19,Convertible,user06,user07
8XDGH5D6D3X672052,Jaguar,XK,2010,1812.08,sturdy rear axle assembly; ,,,,2020-2-27,Car,,user05
AAVNFB47ECV285025,Freightliner,FL70,2002,2247.67,coupe; drive shaft; ,142,2021-5-1,2516.03,2020-7-19,SUV,user23,user26
AH0SCOKRL8K489145,Volvo,V40,2002,2563.52,supernew catalytic converter; ,88,2020-4-18,2502.33,2020-1-3,VanMinivan,roland,user25
AIMDPZ2KMND734997,INFINITI,QX56,2013,4488.9,hatchback; safe oil ring; ,169,2020-10-18,4604.62,2020-8-28,VanMinivan,user19,user26
AJ2JSVDYM0O897692,smart,FORFOUR,2006,1109.16,,72,2020-5-3,1328.51,2020-4-21,Convertible,user21,user25
AJLR6IODVV3757973,Toyota,TUNDRA,2003,1763.04,,182,2021-4-21,2280.7,2020-10-12,Convertible,user23,user20
AKKYTP5OU6P046110,Subaru,FORESTER,2012,4410.06,modern dashboard; ,,,,2020-4-25,Truck,,user18
AKYPYSGLLFN832831,Aston Martin,VANQUISH,2001,5080.04,,75,2021-2-14,6727.05,2020-10-6,Truck,user08,user03
AM7FZWLEUHK307952,Chrysler,PT CRUISER,2002,1565.29,fuel injection; ,137,2021-2-2,2966.77,2021-1-1,VanMinivan,user08,user03
AQ0GIPZWT34903578,Subaru,FORESTER,2009,10689.99,power train; ,,,,2020-8-5,VanMinivan,,user27
AQ744PRF6TR968003,Porsche,BOXSTER,2005,3077.71,normally aspirated; drum brake; anti-lock brake system (ABS); ,182,2020-9-30,2990.78,2020-3-16,Convertible,user06,roland
AUQIR5H4HRE068152,Ram,DAKOTA,2010,2960.28,,84,2021-5-16,4619.28,2020-7-24,Truck,user08,user05
AX3YE647F3S125807,BMW,650I GRAN COUPE,2021,6666.1,drive shaft; ,,,,2020-1-29,Car,,user14
AXJCCI3KSTC454653,Ford,E-350 ECONOLINE,2002,2573.9,,,,,2021-5-5,Convertible,,user20
AYMY58PYO6D565858,Bentley,ARNAGE,2008,1085.89,pickup; ,,,,2020-1-21,Truck,,user27
AZ1R666ZIWS777011,SAAB,9-2X,2006,1822.31,,37,2021-6-23,2357.37,2020-4-11,VanMinivan,user01,user18
AZA8YX5O3PY967382,Jaguar,XKR,2004,3936.03,front axle assembly; ,174,2021-4-7,4656.09,2020-9-6,Convertible,user22,user27
B4HYVLVNMCG170801,Rolls-Royce,WRAITH,2018,1973.54,wide cam; ,84,2021-4-23,2452.49,2021-4-16,VanMinivan,user21,user14
B6MT5EQQSFX854507,Kia,FORTE KOUP,2017,1387.34,high volume cylinder; ,55,2021-6-26,2005.85,2020-11-23,SUV,user32,user03
B6RK4XX6O4W718066,Freightliner,SPRINTER 3500,2005,5686.99,gap; ,199,2020-11-26,6552.95,2020-11-20,Convertible,user08,user20
B8R5GVJM8U6577878,Lotus,ELISE,2005,3400.69,no backfire/backfiring; ,52,2021-4-24,3854.01,2020-12-3,Truck,user10,user20
BEE6XDILLEY125933,Lexus,GX460,2020,2720.45,small spark plug gap; ,187,2021-6-21,3105.68,2021-4-28,VanMinivan,user08,user03
BEY7LC1EAWE388564,Audi,A6 QUATTRO,2001,1682.89,,,,,2021-2-10,SUV,,user05
BFTNOGUH70U239681,Mitsubishi,FE125,2011,1325.93,anti-lock brake system (ABS); ,139,2021-6-25,1687.03,2020-8-20,Truck,user23,user16
BJBHBZBQT6J386548,Mitsubishi,FE145CC,2009,1821.05,high volume cylinder; wide chassis; ,58,2021-3-12,2418.86,2020-6-20,SUV,user01,user27
BNWVPB0TCZ5369050,Audi,S3,2002,5624.89,disc brake; ,102,2020-10-27,5540.92,2020-7-28,VanMinivan,user22,user05
BO6V8DRDEV2627679,Toyota,CAMRY,2017,4299.84,small spark plug gap; ,188,2021-3-17,4092.19,2021-1-29,Car,user19,user05
BQF4UKW5KVG474674,INFINITI,Q60,2018,3048.54,sport utility vehicle-SUV; ,,,,2020-2-27,SUV,,user14
BROGP21GT25414842,Hyundai,ACCENT,2007,4873.55,rack and pinion steering; ,121,2021-5-18,4729.32,2021-1-21,Truck,user21,user16
BSAQRUZ4AQV214478,Mercedes-Benz,GL350,2011,2192.52,sturdy rear axle assembly; ,164,2020-8-6,3220.03,2020-5-5,Convertible,user32,user09
BTDUIDGMG7U029512,Freightliner,CLASSIC XL,2004,2937.38,superturbocharger; ,,,,2020-5-25,SUV,,user16
C15AQKT03T5311862,Acura,EL,2001,1204.33,broad wheelbase; ,83,2021-2-4,2738.42,2020-2-6,Car,user06,user14
C2JK28BV6S1248001,Chevrolet,SILVERADO 3500 HD,2007,2888.35,anti-lock brake system (ABS); ,193,2021-6-22,3032.71,2021-5-26,Truck,user22,user16
C2SS48P7UYI831488,Jaguar,XFR,2016,3974.39,sturdy rear axle assembly; hydraulic brakes; ,170,2021-5-9,5294.39,2021-3-1,Truck,user21,user18
CF4BITIJB4X481530,SAAB,9-7X,2009,4893.46,normally aspirated; ,,,,2020-7-21,Convertible,,user14
CJJ5SBM35DI082557,Mercedes-Benz,CL55 AMG,2001,3555.84,innovative air bags; ,40,2021-6-15,4493.39,2021-6-5,Truck,user22,user18
COPRS63UGGH984959,Kia,AMANTI,2007,5733.81,automatic safety features; ,192,2021-6-2,6518.6,2020-5-3,SUV,user21,user07
CQ7SBSA7JFD966361,Audi,Q3,2019,5917.97,strong muffler; ,80,2021-1-29,7223.32,2020-12-19,SUV,user08,roland
D1YNI86BAFG479600,MINI,COOPER,2005,2531.54,sturdy rear axle assembly; ,159,2020-11-30,3140.83,2020-11-29,Truck,user21,user14
D44SOXOWG6K878614,Ferrari,612 SCAGLIETTI,2009,2452.04,disc brake; ,86,2021-6-16,3200.51,2020-12-28,SUV,user23,user27
D5B2TT8TOPO661297,Lotus,EVORA,2011,4437.13,great stabilizer bar; sturdy rear axle assembly; front wheel drive; ,,,,2021-6-19,SUV,,user07
D5SBJR5NFWQ090407,Lexus,RX350,2013,2256.2,automatic transmission; great stabilizer bar; sturdy side impact beams; ,,,,2020-6-5,Truck,,user03
DN6MOZGET1A930783,McLaren,MP4-12C,2013,2758.95,front wheel drive; front wheel drive; ,,,,2020-12-15,SUV,,user25
DOTCTR3JGMC599750,Lincoln,TOWN CAR,2003,3488.19,fuel injection; ,,,,2021-1-1,Convertible,,user14
DQ8KBM24EHR977367,Volvo,S60,2003,2766.83,detail; Automotive Service Excellence (ASE); strong muffler; ,28,2020-2-18,4283,2020-2-16,Convertible,user23,user25
DQXE6GO6G5V238732,GMC,SIERRA 3500 HD,2013,3899.84,,175,2021-2-6,4869.24,2020-6-15,Truck,user06,user14
DSQZ3BMA8BE893479,Buick,ENCLAVE,2010,1132.35,broad wheelbase; hydraulic brakes; crankcase; ,,,,2020-2-1,Car,,user27
DU3RGWYKW1Y406090,INFINITI,FX50,2013,1565.41,high torque; ,2,2021-4-16,2365,2021-3-20,Convertible,user10,user11
DVKLB2SJQZ4928063,Aston Martin,VANQUISH,2006,5080.04,drive shaft; ,73,2020-8-6,5403.06,2020-5-21,VanMinivan,user08,roland
DXWOU1SERL5871765,Chrysler,PROWLER,2001,2950,no redline; can be used as sports car; ,163,2021-3-17,3774.72,2020-12-22,VanMinivan,user06,user11
E0TRL43QPJZ815034,Buick,RAINIER,2004,1357.72,hydraulic brakes; ,9,2021-5-15,1969.09,2021-3-20,Convertible,user32,user14
E4QKUQMW0P8911175,INFINITI,M35,2006,1416.37,innovative air bags; ,117,2020-8-29,2446.46,2020-5-8,Convertible,user06,user07
E7IYDL7OWFB606746,Alfa Romeo,GT,2008,1113.78,great rpms; ,200,2021-4-17,1217.24,2021-1-1,VanMinivan,user08,roland
E7ONFGBD22A333203,Lincoln,MKT,2013,1276.66,ultra new transmission; ,198,2021-4-1,1459.41,2021-2-23,VanMinivan,user06,user25
EHD6YVSC102433673,Land Rover,DEFENDER,2011,1408.93,great engine; ,50,2021-6-11,2520.7,2021-5-2,Car,user23,user16
EL1MM2S516M653465,Porsche,BOXSTER,2010,3077.71,superturbocharger; ,56,2021-6-27,3279.82,2021-5-19,Convertible,roland,roland
EQBIYSJUAOQ651323,MINI,COOPER,2009,2531.54,unibody construction; electronic transmission; ,164,2020-12-15,3715.4,2020-7-21,Truck,user22,user09
EQBPALH70WZ127691,Bentley,AZURE,2002,1136.21,hydraulic brakes; ,135,2020-12-16,1541.38,2020-6-10,Car,user08,user03
ESP5Z0140W6022687,Acura,ILX,2014,1971.29,electronic transmission; ,88,2021-6-4,3290.94,2021-5-26,VanMinivan,user23,user03
EZLHZ7DD2ZE033058,Alfa Romeo,GIULIETTA,2020,2956.84,best possible traction; ,35,2021-4-23,2423.95,2020-7-24,SUV,roland,user03
F1MEI0IF6FC764593,smart,FORTWO,2007,4201.18,ultra new transmission; ,137,2020-11-15,4916.68,2020-6-25,VanMinivan,user04,user16
F3DB4T10CH7242347,Maserati,QUATTROPORTE,2004,2062.89,,104,2021-6-12,2278.8,2021-3-3,Car,user10,user25
F5URJ1VH2JM567741,Lexus,RX450H,2013,2457.98,high differential; ,,,,2020-2-2,Car,,user07
F63IMMDNGBM441376,Acura,EL,2004,1204.33,active safety features; ,141,2021-4-20,1785.26,2020-12-16,Truck,user08,user09
F66S3YWRFV8712696,Ford,ECONOLINE,2004,3896.03,supernew catalytic converter; ,146,2021-6-28,4038.54,2021-1-7,Car,user21,roland
FB4IGVK46ES832414,Lotus,EXIGE,2010,9815.67,Automotive Service Excellence (ASE); sport utility vehicle-SUV; ,137,2021-6-7,10530.24,2020-11-5,Convertible,user19,user20
FC3M4R3UFSZ782289,INFINITI,M45,2010,2176.53,safe oil ring; ,84,2021-2-19,3950.08,2020-11-18,Car,user32,user09
FDMBXB0I4YT845555,Freightliner,SPRINTER 3500,2002,5686.99,high volume cylinder; ,71,2020-9-3,6776.53,2020-2-3,VanMinivan,user23,user27
FH1HMJOS4ZT144716,Kia,FORTE KOUP,2011,1387.34,no redline; ,91,2021-6-18,2302.57,2021-6-12,VanMinivan,user08,user18
FHR4SV2BZ3O982607,Mercedes-Benz,ML63 AMG,2012,3760.7,hydraulic brakes; ,94,2021-7-1,3613.56,2021-5-24,VanMinivan,user10,user07
FL02FHV2GJ3959589,Aston Martin,V8 VANTAGE,2019,3976.03,rack and pinion steering; ,163,2021-6-8,4619.33,2021-5-28,Car,user01,roland
FLL6IM0OT4U839347,Acura,ILX,2021,1971.29,no backfire/backfiring; minivan; superturbocharger; ,47,2020-8-3,3720.3,2020-3-1,Convertible,user06,user09
FMETZSQTD6D874803,Ferrari,456 M GTA,2003,2445.32,,4,2021-1-8,2638.74,2020-11-14,Car,user01,user14
FRT45IU5U10388263,Lotus,EVORA,2010,4054.4,great engine; ,17,2020-2-9,4531.79,2020-1-20,SUV,user06,user25
FSWKSU6C60V569652,Volvo,S80,2019,2654.27,engine displacement; ,44,2020-5-16,2799.83,2020-4-25,Truck,user23,user14
FY32Q1YOL3Y555579,Mercedes-Benz,B200,2011,1145.6,manual transmission; sturdy rear axle assembly; ,,,,2020-10-8,Car,,user11
G1P06L4HJ6H584223,Chevrolet,EQUINOX,2006,2270.31,great engine; ,9,2020-12-20,2258.3,2020-2-6,Truck,user04,user20
G3TV1J6XAGV702888,Chrysler,CROSSFIRE,2007,1594.31,automatic transmission; ,58,2021-1-22,2789.89,2020-1-27,SUV,user04,user27
G4D6F6AOVRR018788,Mercedes-Benz,SL550,2008,4563.49,four-wheel drive; high volume cylinder; ,139,2021-3-29,5379.77,2020-9-14,Car,user22,user14
G4HBX46SPAS103801,Lincoln,LS,2005,5315.01,,123,2021-1-6,5079.39,2020-7-1,SUV,user23,user26
G76Q0Y2PH58423466,Lotus,ESPRIT,2002,3858.12,minivan; superturbocharger; no understeer; ,68,2021-5-25,3718.33,2020-7-20,VanMinivan,user08,user03
GD0BFGM17AX836671,Freightliner,MT45,2002,6348.39,convertible; ,49,2021-3-17,6296.55,2020-12-1,SUV,user06,user07
GEL2DE0T8I5148201,Freightliner,FC80,2003,2168.4,high volume cylinder; high quality carburetor; ,176,2021-1-2,2061.8,2020-4-28,Car,user23,user03
GESZPBX67EE486101,Chevrolet,CHEVY,2004,2389.92,,184,2021-6-2,2291.9,2020-6-4,Convertible,user32,user20
GGEWPOMLDT6438413,Jeep,WRANGLER,2011,4194.74,front axle assembly; ,69,2021-4-25,4818.38,2021-3-21,Truck,user21,user03
GHQ048ABH46553056,Freightliner,SPRINTER 3500,2005,10671.07,sturdy rear axle assembly; air filtration system; ,169,2021-5-8,11249.2,2020-3-13,Truck,user19,user27
GJN18I5K5B7472150,Buick,VERANO,2013,1776.43,overdrive; ,,,,2020-10-8,Truck,,user07
GJNRBGU63NL045645,Toyota,HIACE,2008,1211.47,best suspension; ,,,,2021-3-11,SUV,,roland
GMKQULBE7X4992195,Chrysler,CIRRUS,2007,2500,great stabilizer bar; best possible traction; ,80,2020-11-22,3147.88,2020-2-28,SUV,user19,user14
GO1G8UWZ6CC394395,smart,FORTWO,2017,4201.18,high block; ,133,2021-5-1,4055.22,2020-11-10,SUV,user01,user26
GTW0MIZ1NOH019692,Lamborghini,MURCIELAGO,2008,3704.7,front axle assembly; ,138,2020-12-29,5027.5,2020-12-8,Car,user23,user07
GV2UWRP5K1E172643,Audi,S8,2002,4190.23,original equipment manufacturer (OEM) parts; ,78,2021-5-23,4057,2020-12-8,Car,user06,user05
GVAEGKOKAKD311144,Alfa Romeo,4C,2021,21038.87,wide chassis; ,177,2021-4-29,21901.6,2021-3-27,Car,user22,roland
GVPGI5Z60L1544905,smart,FORFOUR,2005,1825.68,,191,2020-5-4,2050.45,2020-3-1,VanMinivan,user08,user03
GXF4VJG82KW841092,Bentley,AZURE,2002,1136.21,wide transaxle; ,63,2020-4-1,1838.62,2020-3-2,SUV,user08,user27
H05EDNWPRPP592467,Volkswagen,GOLF,2002,2835.33,wide cam; front axle assembly; ,,,,2021-6-12,SUV,,user09
H28C7JTLHKS979441,Mercedes-Benz,ML550,2008,6318.78,superturbocharger; ,159,2021-3-26,6382.3,2020-3-28,Convertible,user04,user18
H2G3FZT7PBC532016,Audi,S8,2002,4190.23,power train; ,57,2021-3-1,4375.15,2020-5-21,Car,user10,user11
H5GMOZRUP8T165905,INFINITI,M45,2003,2176.53,small spark plug gap; great engine; crankcase; ,88,2020-6-12,2444.76,2020-4-6,VanMinivan,user01,user07
H6IZE44IC6O731141,Chrysler,VOYAGER,2003,1561.77,,195,2021-4-30,2385,2021-4-16,VanMinivan,user22,user11
H7A5VIFFP1A667799,Toyota,RAV4,2014,4437.94,hydraulic brakes; ,105,2021-6-14,4543.43,2021-4-11,Convertible,user19,roland
H7QI1RIE4PV927179,Chevrolet,CRUZE,2013,1525.28,sturdy rear axle assembly; ,161,2020-10-11,2655.86,2020-1-8,Car,user22,user16
H7YXEEZ5YBN321572,Lexus,LS460,2013,2434.04,,33,2021-4-25,2995.64,2020-9-10,SUV,user22,user14
HBLEGCX5QOM344604,Jeep,PATRIOT,2010,3908.65,superturbocharger; ,132,2020-12-30,3744.47,2020-12-25,Convertible,user19,user26
HEXK80DLLFD126794,Acura,ZDX,2010,1811.92,best suspension; pickup; ,,,,2021-5-23,Car,,user18
HI8BNKPUAJE220277,Jaguar,XK,2017,3044.29,drum brake; good piston; small spark plug gap; ,7,2021-1-17,3864.6,2020-12-28,VanMinivan,user08,roland
HOVBLXCQ8IF716757,INFINITI,FX45,2008,2580.48,,172,2021-3-18,2868.4,2020-4-29,Convertible,user04,user11
HTKXE18G4LM642663,SAAB,9-7X,2009,4893.46,drive shaft; ,127,2021-2-18,4791.55,2020-11-30,Convertible,user01,roland
HXAALKJLHP8932836,Lexus,LX470,2005,1647.56,broad wheelbase; ,86,2021-2-16,3345.02,2021-1-5,Convertible,user06,user11
HYJR3P5MJII589050,Ferrari,SUPERAMERICA,2005,1887.17,high quality carburetor; coupe; oversteer; ,79,2020-12-4,2237.55,2020-4-16,Truck,user19,roland
HZM5D0NLDRM399010,Mitsubishi,MONTERO,2005,1026.96,no redline; ,80,2021-1-24,1951.61,2020-11-25,SUV,user10,user11
I7WFVKAWQYK253909,Nissan,TSURU,2003,4216.82,station wagon (Also known as wagon.); ,41,2020-12-31,5023.7,2020-12-14,Convertible,user22,user25
I8Y14BPSZXY404516,Kia,SORENTO,2011,1921.34,super new ignition system; ,139,2021-4-4,3228.81,2020-6-14,Convertible,roland,roland
IDCSBYUW1ML481404,MINI,COOPER COUNTRYMAN,2011,1649.32,drum brake; ,,,,2020-10-3,Convertible,,user20
IG8PWUT4ME1344557,Dodge,DAKOTA,2006,2960.28,automatic torque converter; no backfire/backfiring; ,137,2021-1-22,4172.42,2020-3-13,Convertible,user08,user16
IGRV02IHT73140725,smart,FORTWO,2005,4201.18,electronic transmission; ,22,2020-8-14,5343.14,2020-2-24,Truck,user32,user05
IH28F14QLL7256787,Dodge,DURANGO,2011,2533.66,minivan; high block; ,65,2021-6-4,2677.57,2021-4-10,SUV,user32,roland
IH8QCS8SA1W662224,Aston Martin,V8 VANTAGE,2008,3976.03,innovative air bags; ,,,,2021-2-20,Convertible,,user03
IHRJFBVFNUW829342,Honda,AQUATRAX F-15X GPSCAPE,2008,3070.98,gap; high volume cylinder; anti-lock brake system (ABS); ,168,2020-12-26,3548.04,2020-7-31,Truck,user01,user18
IKDJI2NJR3A634690,MINI,COUNTRYMAN,2011,2103.2,,150,2021-2-25,1756.83,2020-11-23,SUV,roland,user09
IMBUXHM60X6888380,Volvo,XC70,2005,3369.1,wide transaxle; ,,,,2020-7-13,VanMinivan,,user27
IQS5QPGTG0T954170,Kia,SEDONA,2019,3915.86,anti-lock brake system (ABS); air filtration system; ,20,2021-1-20,5261.7,2021-1-15,Convertible,user22,user09
IRDWE0OJSPW783332,McLaren,MP4-12C,2013,2758.95,great stabilizer bar; ,37,2020-6-30,2289.93,2020-1-23,Car,roland,user05
J4OTOP87QJC586997,Lexus,SC430,2009,1459.24,manual transmission; ,72,2021-4-12,2655.23,2020-9-23,VanMinivan,user01,user05
J55HPHW22R1754593,Rolls-Royce,PHANTOM,2007,1706.99,rack and pinion steering; ,,,,2021-6-27,VanMinivan,,user20
J5DUNEJPB5K495242,Chevrolet,ZAFIRA,2002,4283.61,drive shaft; modern dashboard; ,44,2020-11-22,4406.34,2020-9-15,Truck,user21,user27
J6OFP8V1ZIU680463,Ferrari,599 GTB,2007,3491.52,disc brake; ,199,2021-6-4,3522.96,2020-10-15,SUV,user32,user09
J830SLTQBFU863672,Acura,MDX,2010,1688.35,ultra new transmission; ,,,,2020-11-27,SUV,,user07
JFV8SJWZ8LP113703,Lincoln,NAVIGATOR,2012,1658.83,rear wheel drive; ,72,2021-6-8,2736.82,2020-7-2,Car,user10,user16
JGJDNZFK42R045945,Dodge,RAM 5500,2009,6950.2,,14,2020-4-11,7961.64,2020-2-20,Truck,user04,user07
JN60KNMSBK2322558,SAAB,9-2X,2006,1822.31,,28,2021-3-9,3092.85,2020-2-6,Car,user21,user14
JO02RNGT1O8396523,Jeep,LIBERTY,2006,2457.24,strong muffler; best suspension; wide cam; ,101,2020-5-2,2983.59,2020-4-25,Convertible,user32,user18
JOWEZ54DY63622106,Nissan,X-TRAIL,2011,1175.09,manual transmission; ,175,2021-4-4,1625.09,2020-1-9,SUV,user10,user27
JOX151ZR3GE955194,Honda,NPS50 RUCKUS,2007,1007.47,front axle assembly; wide chassis; detail; ,29,2021-5-11,3045.34,2021-1-13,Truck,user22,user11
JQNHRUG2454456763,Acura,RDX,2010,1364.7,drum brake; ,69,2021-4-20,1426.91,2021-1-8,Car,user32,user16
JS3TNLHZADY983948,GMC,C4500 TOPKICK,2008,1994.77,,46,2020-10-19,2611.67,2020-2-14,Truck,user06,user07
JTQ8ES8FFQS897370,Jeep,COMPASS,2008,1277.09,can be used as sports car; ,115,2021-1-26,1464.03,2020-2-14,VanMinivan,user04,user03
JWXF66JCYHG675212,Honda,CBR1000RR,2008,1281.57,,,,,2020-2-25,Convertible,,user14
JXYX45O20KZ533744,SAAB,9-5,2002,1177.06,best suspension; ,92,2021-5-29,1318.12,2021-2-28,Car,user01,user05
JYK127G1ZR6964275,Honda,TRX350TM FOURTRAX RANCHER,2003,4014.41,original equipment manufacturer (OEM) parts; ,17,2020-11-1,5217.83,2020-2-21,Car,user32,roland
JYOF3P3XBEW904056,Maserati,QUATTROPORTE,2006,2062.89,no understeer; ,126,2021-2-25,2947.03,2020-2-5,SUV,user19,user09
K1LNBMVU8BB464447,Tesla,S,2012,2654.48,no backfire/backfiring; ,165,2020-9-30,4033.24,2020-1-3,Convertible,user04,roland
K2M25QOYYPY944058,SAAB,9-5,2007,1177.06,hatchback; ,68,2021-4-19,2574.71,2021-3-6,Convertible,user23,user11
K3E7PBHMZQD422776,Kia,SEDONA,2006,3915.86,very hard struts; ,122,2020-1-28,3957.79,2020-1-21,Car,user23,user14
K8Z0TU6ENFN053742,Jaguar,XK,2007,1812.08,great engine; ,93,2021-6-5,2125.93,2021-1-29,Car,user22,user18
KABPXCO5NG6346564,McLaren,P1,2020,2175.52,modern dashboard; ,18,2021-6-9,2386.79,2021-2-23,Car,user01,user11
KAYU2ZM1IDK808166,Chevrolet,CAPRICE,2011,1842.09,gap; drum brake; crankcase; ,,,,2021-6-19,Convertible,,user25
KBXXCK3OQ7B192491,Ram,PROMASTER CITY,2015,2766.1,modern dashboard; ,171,2021-3-14,2638.16,2020-11-17,Truck,user32,user27
KDDOFMA5505536025,Honda,CR500R,2001,1135.21,unibody construction; ,130,2021-5-14,2452.75,2020-9-16,Truck,user19,user05
KEJ5NNEZM57998731,Lincoln,NAVIGATOR,2010,1658.83,good gear; best oil pump; ,159,2021-5-16,1886.6,2021-3-16,Convertible,user04,user07
KEJEBILOGP8152100,McLaren,MP4-12C,2012,2758.95,high differential; ,68,2020-8-4,3684.43,2020-2-1,SUV,user01,user26
KFDWFBUV5X0109490,FIAT,PALIO,2007,2108.79,station wagon (Also known as wagon.); ,40,2020-10-12,2168.94,2020-1-24,Truck,user22,user14
KN4X2AB146B341868,Kia,SPECTRA5,2007,2159.91,rack and pinion steering; ,,,,2021-5-22,Truck,,user25
KNYT4XAJ1KK791804,INFINITI,M35H,2013,1304.72,pickup; ,,,,2020-1-12,Truck,,user03
KQNPAEA80G5480328,Subaru,BRZ,2013,4335.44,can be used as sports car; overdrive; ,83,2021-4-22,6152.71,2020-4-4,SUV,roland,user27
KRS3DYJP4LD943857,Maserati,GRANSPORT,2006,1764.73,,155,2020-10-21,1492.13,2020-1-1,SUV,roland,user25
KSLB3XMCCOW534879,Acura,CL,2001,1748.2,,3,2021-4-25,2219.92,2020-12-11,SUV,user32,user26
KTIZ8OU6F5U976916,Cadillac,SRX,2010,1647.53,front wheel drive; ,20,2021-1-23,2057.11,2020-4-24,SUV,user19,user27
KW7MS4N3N71094103,Ferrari,F430,2008,5047.14,convertible; super new ignition system; ,171,2021-4-3,6055.64,2020-7-9,VanMinivan,user06,user25
KZO7LZXJXNR771606,Volkswagen,TOUAREG,2021,1655.83,drive shaft; ,121,2021-4-12,2091.94,2020-6-20,SUV,user04,user03
L0FICXE1E74826637,Mitsubishi,CANTER FE125,2012,1183.28,station wagon (Also known as wagon.); safe oil ring; ,71,2021-4-5,1797.78,2020-6-10,Car,user21,user26
LACZ7FVB5IL005861,Jaguar,XKR,2014,3936.03,high differential; ,191,2020-11-7,5472.03,2020-3-9,Car,user21,user05
LDAX8MS7ZMA980634,Ford,FREESTYLE,2007,1187.35,good piston; active safety features; ,21,2020-9-24,2200.7,2020-7-6,VanMinivan,user04,user05
LDMZ4BXPWOE239230,Lotus,ELISE,2010,3400.69,safe oil ring; small spark plug gap; ,22,2021-4-25,3470.02,2020-2-17,Truck,roland,user27
LESQWAWRV7W196089,Lincoln,TOWN CAR,2006,3488.19,active safety features; ,33,2020-12-14,4156.76,2020-11-23,VanMinivan,user21,user05
LH6O7CO8LIP340892,Mitsubishi,FE140,2007,1163.13,ultra new transmission; oversteer; ,136,2021-5-29,2070.94,2021-3-17,Car,roland,user16
LIQR1KMIZ00707485,Jeep,WRANGLER,2010,7265.29,high differential; rear wheel drive; best suspension; ,113,2021-7-2,7593.6,2021-7-2,Truck,user21,user16
LM8UDLK41OI479349,Lotus,ESPRIT,2004,5705.98,,103,2021-1-10,5797.88,2020-11-28,VanMinivan,user32,user16
LMLJ20KCYXP867169,Buick,ALLURE,2009,3284.24,automatic torque converter; high torque; ,26,2020-9-24,3793.23,2020-9-8,Truck,user04,user27
LPMORGRY77A614138,smart,FORTWO,2010,4201.18,high volume cylinder; best possible traction; automatic torque converter; ,,,,2020-2-28,Truck,,user26
LQF5D64NCQ5461737,Ferrari,456 M GT,2002,1271.26,manual transmission; ,80,2021-6-2,1403.08,2021-4-25,Car,user04,user25
LRMHWLY7067260293,MINI,COOPER,2002,2531.54,,197,2021-6-24,3122.7,2021-4-2,Convertible,user21,user20
LUKTEC25L13491705,Ferrari,599 GTB,2009,3491.52,no redline; ,57,2021-1-20,3001.35,2020-4-24,Convertible,roland,roland
LVJGFVH42ZP066968,FIAT,DUCATO,2008,1265.69,disc brake; ,94,2021-1-5,2078.44,2020-10-10,SUV,user32,user25
LVJHQ4HMJB6101871,Rolls-Royce,PHANTOM,2006,1706.99,,,,,2020-7-5,Convertible,,user14
LW4TX2CG6JA656800,Lincoln,NAVIGATOR,2015,1658.83,,36,2021-6-4,1650.37,2021-5-23,VanMinivan,user23,user11
M6NS6BPOK21492066,Freightliner,SPRINTER 2500,2017,19728.29,drum brake; ,,,,2020-1-14,Convertible,,user05
M7HJ4VAUP8V507732,Rolls-Royce,CORNICHE,2002,4840.77,,197,2021-1-14,4186.59,2020-9-29,Car,roland,user25
M7TYCX7AHLJ750501,Cadillac,CTS,2004,5272.13,air filtration system; original equipment manufacturer (OEM) parts; ,,,,2020-7-28,Car,,user14
MBDGBO1V8RG307817,Jeep,COMPASS,2009,2477.55,,157,2021-5-19,3463.81,2020-2-16,Car,user01,user07
MD0HGAJVEW8914201,Kia,SOUL,2020,1613.53,rear wheel drive; check the Monroney sticker - theer is nothing better than this vehicle; fuel injection; ,194,2021-6-24,2214.74,2021-6-22,Truck,user19,user11
MDSNOZYL2ZL732848,Subaru,OUTBACK,2006,1284.63,high differential; ,182,2021-2-5,1685.61,2020-12-29,SUV,user21,user14
MJB8QWUK0PM433047,Ford,GT,2005,1331.64,,127,2021-6-24,2572.53,2021-5-12,Car,user04,user03
MKNBPQIJ74V430424,Jaguar,XK,2011,1812.08,gap; ,133,2021-6-28,2160.83,2021-3-12,Convertible,user19,user25
MO4IRL8VERY769844,Lincoln,LS,2004,5315.01,normally aspirated; ,116,2021-4-3,6570.76,2020-7-23,Convertible,user19,user11
MRL4FQOSQLE899645,Chrysler,PACIFICA,2005,4255.1,best suspension; ,110,2021-5-14,5368.32,2020-4-11,Convertible,user01,user25
MRMMF0HP62P826823,Dodge,CHARGER,2011,4120.45,,101,2020-9-12,5644.17,2020-7-11,Car,user10,user16
MSDXHNXN7QI172357,Toyota,SEQUOIA,2010,6612.01,great rpms; ,9,2021-6-10,7246.1,2020-10-5,Truck,user10,user27
N8E3SF7HL4Q053617,Hyundai,SONATA,2013,1468.46,modern dashboard; ,192,2021-7-3,1616.58,2021-6-1,SUV,user21,user11
NA4F6S1MRA6664248,Rolls-Royce,PHANTOM,2013,1706.99,original equipment manufacturer (OEM) parts; ,8,2021-5-31,2413.82,2020-7-15,Convertible,user06,user03
ND00P44OT6F777455,Cadillac,CTS,2012,5272.13,pickup; ,128,2021-5-7,7027.79,2021-1-20,Convertible,user04,user14
NE8WFOV66CZ904500,Nissan,CABSTAR E,2008,3245.1,hatchback; ,187,2020-10-5,3643.56,2020-7-7,SUV,user01,user18
NF28EM6ENDG175285,Nissan,TSURU,2005,4216.82,pickup; ,66,2020-12-2,4054.54,2020-11-13,Car,user06,user26
NGEAJQEXHL6490079,Subaru,OUTBACK,2004,1284.63,disc brake; ,,,,2020-1-24,Convertible,,user16
NS2W7Q8QFUS135331,Kia,FORTE,2012,1245.26,automatic safety features; sport utility vehicle-SUV; ,98,2021-5-25,2411.95,2021-4-9,Car,user08,user25
NSCARZ5CLLT322372,SAAB,9-7X,2006,4893.46,good gear; ,147,2020-11-26,5447.97,2020-10-30,Convertible,user21,user07
NTUHURHPI0H639059,MAZDA,3 SPORT,2010,1895.81,crumple zones; ,53,2021-6-28,3024.8,2021-6-1,Truck,user21,user14
NWVQ2W1IXSM055628,INFINITI,QX70,2019,17470.57,,,,,2020-4-21,Car,,user14
O3U8PZ7LEWO313018,Lincoln,MARK LT,2012,1565.57,best suspension; ,101,2021-1-31,1511.22,2020-10-25,Convertible,user21,user03
O4SAMHWK3TM537758,Freightliner,FS65,2005,5686.68,wide transaxle; convertible; ,176,2020-10-24,5545.61,2020-7-20,VanMinivan,user32,user03
O583JPNPRFJ444212,Subaru,FORESTER,2010,4410.06,supernew catalytic converter; ,139,2020-3-9,5817.88,2020-1-19,Truck,user08,user07
O60A4VOEHXR128008,Lamborghini,GALLARDO,2012,2743.31,sturdy side impact beams; ,40,2021-4-15,3821.41,2020-4-26,Car,user21,user03
O68UZR8AH8Z844182,Alfa Romeo,MITO,2012,1446.43,innovative air bags; ,123,2021-4-14,1872.16,2020-12-2,SUV,user21,user25
O7G8N14WM0R109118,SAAB,9-5,2007,1177.06,coupe; coupe; ,67,2021-6-15,1521.73,2021-5-19,VanMinivan,user10,user07
O8OCUJH4YMC669644,Chrysler,INTREPID,2001,4337.49,,61,2021-2-4,4366.08,2020-4-18,Car,user22,user14
OAFPPMDWGUH117863,Alfa Romeo,MITO,2013,1446.43,automatic safety features; convertible; manual transmission; ,2,2021-7-3,1395.09,2021-5-1,Convertible,user32,user16
OBZR6DDFFCD009341,Dodge,RAM 3500 TRUCK,2008,1105.09,best possible traction; ,110,2020-8-7,1089.97,2020-7-31,SUV,user23,roland
ODZ0W6TMP44331893,Bentley,CONTINENTAL,2005,2997.73,high quality carburetor; ,,,,2021-4-29,Truck,,user05
OEA0E3LOO4W743479,Toyota,LAND CRUISER,2003,1272.6,,12,2020-9-14,1304.21,2020-5-24,VanMinivan,user32,user14
OFNSSWHOUJP894540,Cadillac,DTS,2011,4707,gap; ,188,2020-7-27,5767.74,2020-5-12,Convertible,user10,roland
OHCKSZQ18XX891594,Mitsubishi,CANTER FG4X4,2012,1060.62,high torque; ,149,2021-3-6,2191.49,2020-7-30,Car,user01,user14
OLF4GTGBOPG333827,Ford,E-250 ECONOLINE,2003,4190.33,high quality carburetor; sturdy rear axle assembly; ,,,,2021-3-3,Truck,,user25
OO1YC73Q4SY467607,Hyundai,VERACRUZ,2009,6060.07,high quality carburetor; active safety features; ,82,2021-6-9,6365.99,2021-4-21,SUV,user10,user07
OP7N2PZBA4C241759,Buick,LACROSSE,2007,2668.09,all passive safety features; ,124,2021-7-2,4080.71,2021-4-18,Car,user04,user09
ORHEJZV7OOL232179,Lotus,EXIGE,2006,4789.06,station wagon (Also known as wagon.); ,,,,2021-6-1,Truck,,user03
ORU7310Z7TU675976,Ford,ECONOLINE VAN,2013,4325.62,front wheel drive; ,139,2020-8-15,4357.22,2020-7-23,Car,user04,user25
OVBB31XUCCJ534771,Rolls-Royce,PHANTOM,2010,1706.99,power train; ,73,2021-5-23,2508.27,2021-2-20,Car,user21,user03
P17AFMQE3BI177849,Hyundai,SANTA FE XL,2013,5763.92,ultra new transmission; ,125,2021-3-23,5578.85,2020-5-16,VanMinivan,user19,user18
P1RZOQHCOAP558002,Ford,TAURUS X,2009,1575.6,ultra new transmission; ,184,2021-2-19,1498.04,2020-3-8,VanMinivan,user01,user16
P4QVR1UU2HK859570,Subaru,XV,2013,1184.65,,37,2021-1-15,1639.29,2020-3-13,SUV,user21,user20
P724MZX4MT1276309,Maserati,QUATTROPORTE,2007,2062.89,Automotive Service Excellence (ASE); ,13,2021-5-16,4970.82,2020-3-1,Convertible,user04,user09
PAUEVS4UQTM165084,Audi,Q3,2013,5917.97,modern dashboard; ,,,,2020-4-12,Car,,user03
PF6WY7KDOR8663002,Volkswagen,GOLF,2003,2835.33,fuel injection; ,,,,2021-7-3,Car,,roland
PHC3C1O8R1Q659241,Toyota,TUNDRA,2012,1763.04,very hard struts; front wheel drive; oversteer; ,124,2020-5-25,3213.94,2020-5-4,Truck,user32,user27
PKYOLPHA18P242940,SAAB,9-5,2008,1177.06,,11,2021-3-3,1473.54,2021-2-25,SUV,user10,user27
PKZKDPC20DX722828,Lotus,EXIGE,2006,4789.06,,129,2020-8-29,5071.83,2020-7-7,Convertible,user04,roland
PPC2Q3TT2DU845732,Lotus,ELISE,2009,3400.69,detail; ,24,2021-5-28,3882.63,2020-4-9,Convertible,user22,user27
PPFD88BR0K2892279,Kia,RIO,2003,1324.88,hydraulic brakes; ,4,2021-1-10,2429.33,2020-4-15,SUV,user10,user27
PSTBCM0C2MV291539,Buick,PARK AVENUE,2001,2489.11,ultra new transmission; ,65,2021-1-23,2099.6,2020-5-28,SUV,roland,user25
PSUTDDZWZDP014734,Rolls-Royce,PHANTOM,2011,1706.99,sturdy rear axle assembly; ,68,2020-8-5,3005.32,2020-6-2,SUV,user06,user20
PTTIH4HLA8I333807,Bentley,ARNAGE,2007,1085.89,rack and pinion steering; ,192,2021-3-29,2333.2,2020-12-21,Car,user19,roland
PUMDW0JUESZ514707,Buick,ALLURE,2008,3284.24,sturdy rear axle assembly; broad wheelbase; ,116,2020-8-2,4242.2,2020-8-2,Convertible,user19,user18
PW70TS0DUFN828484,Mercedes-Benz,C320,2003,1760.67,,56,2020-4-10,4193.08,2020-1-14,Car,user08,user25
Q04FS5KM3OG901738,Maserati,QUATTROPORTE,2009,2062.89,,154,2021-4-25,3341.72,2021-1-9,Truck,user32,user09
Q6CNI13ED0C199030,Cadillac,ATS,2013,3712.29,great rpms; ,134,2020-10-28,3574.51,2020-7-23,Truck,user23,user20
QAS5AVWTM6E601144,Hyundai,TIBURON,2001,3482.96,station wagon (Also known as wagon.); ,195,2021-7-2,3593.6,2021-6-29,Truck,user06,user27
QCAV3QS7EWD618783,Buick,ENCORE,2013,2268.57,superturbocharger; ,2,2021-6-10,3193.71,2021-4-1,SUV,user21,user07
QCOWM4RH6IR775623,BMW,428I XDRIVE GRAN COUPE,2016,2282.27,small spark plug gap; ,198,2021-6-19,2179.81,2021-2-18,VanMinivan,user19,user11
QE1021R78T0365667,Audi,Q5,2011,1957.22,,79,2021-3-25,2508.82,2020-6-18,VanMinivan,user19,user05
QI80NK13N12893077,Ram,DAKOTA,2010,2960.28,drum brake; ,7,2021-6-28,4000.93,2021-2-13,SUV,user23,user25
QISITLRQ5WH413699,Hyundai,GENESIS,2009,1291.85,sturdy rear axle assembly; ,115,2021-6-10,1643.88,2021-2-19,Car,user19,user16
QJSZBIU41RZ000557,Freightliner,BUSINESS CLASS M2,2005,1966.73,good gear; ,185,2021-6-12,2578.44,2021-6-2,VanMinivan,user06,user09
QN388KU6HTL416435,Tesla,S,2019,2654.48,ultra new transmission; unibody construction; ,146,2021-3-17,3802.49,2020-5-10,Convertible,user32,user16
QT6DE3TU16Q738364,Lincoln,MARK LT,2011,1565.57,Automotive Service Excellence (ASE); hydraulic brakes; ,,,,2020-12-16,Car,,user11
QWW8Y55NYTR063884,Tesla,X,2015,1721.59,,66,2021-3-31,2276.62,2020-11-24,Car,user10,user07
QWYEUSHQPNE215410,INFINITI,QX56,2010,4488.9,sturdy rear axle assembly; hatchback; ,200,2020-7-3,5095.28,2020-7-2,VanMinivan,user04,user26
R3YIF8UZ4P1070425,Chrysler,CIRRUS,2010,2500,best possible traction; ,26,2020-2-19,3561.35,2020-1-10,SUV,user21,user25
R4EQ76G1HHV776360,Ford,COURIER,2005,1212.87,great rpms; ,128,2021-5-20,1440.26,2021-2-2,Truck,user23,user09
R60F6EU85VY130194,Buick,LESABRE,2004,4802.64,wide cam; good gear; ,113,2021-6-22,4794.42,2021-6-1,Car,user23,user05
R72N7L114R7898065,Cadillac,STS,2009,1889.82,super new ignition system; ,193,2021-3-17,2195.71,2021-1-7,Convertible,user21,user25
R8UHBMX4TQI234223,Ram,RAM,2012,4324.44,,129,2020-9-8,6588.69,2020-3-7,SUV,user06,user16
RAGZ5GF7O8T913064,MAZDA,MX-5 MIATA,2013,1964.74,automatic torque converter; anti-lock brake system (ABS); ,189,2021-6-5,4320.27,2021-6-2,VanMinivan,user04,user09
RCWIFAWFT3E015306,GMC,C5500 TOPKICK,2003,1224.71,active safety features; ,73,2020-8-18,1766.93,2020-6-16,Truck,user04,user09
RF2BB0LOILQ809554,INFINITI,G37,2009,2810.44,best suspension; ,51,2021-5-15,3026,2020-1-23,Car,user21,user05
RHVJT3TXHWL819894,Rolls-Royce,PHANTOM,2008,1706.99,high differential; ,191,2020-12-13,2045.02,2020-11-6,SUV,user01,user27
RLXG5XQRAQ3165459,Nissan,TITAN,2007,1175.9,hydraulic brakes; ,181,2020-4-15,1886.17,2020-1-25,Convertible,user06,user26
RMRQFRIEC25214612,Cadillac,ESCALADE ESV,2004,2225.91,Automotive Service Excellence (ASE); ,,,,2020-2-7,Car,,user07
RMX0AE4LYYW896673,smart,FORTWO,2019,4201.18,autotachometer; ,67,2020-8-5,4049.93,2020-3-7,Convertible,user08,user09
RNH1F5LU2AW886758,Hyundai,ACCENT,2004,4873.55,fuel injection; front axle assembly; ,,,,2020-4-18,SUV,,user16
RU32GUAPYSR767349,Alfa Romeo,MITO,2013,4593.86,front wheel drive; ,178,2020-10-27,5683.23,2020-10-25,Truck,user06,user07
S0IF4QEGMQI832765,Mitsubishi,MONTERO,2003,1026.96,pickup; ,90,2021-2-12,2719.94,2020-8-6,SUV,user08,user05
S2N3CMXWZPV810214,BMW,X5,2009,2051,safe oil ring; ,130,2021-6-16,2027.99,2021-6-1,SUV,user04,user20
S4TI4IX70JJ322540,MINI,COOPER,2012,2531.54,wide chassis; ,171,2021-6-29,3636.28,2021-6-28,VanMinivan,user23,user14
S5263SMBZPG600452,Jeep,TJ,2004,3089.32,great engine; ,191,2021-3-19,3764.38,2020-1-3,Convertible,user08,user20
S5MQN63PZL6857813,Freightliner,CORONADO,2004,14427.84,coupe; ,157,2021-3-20,15595.73,2021-1-16,Convertible,user21,user14
SC4XXMXCD3O314777,Jeep,PATRIOT,2007,1501.48,no understeer; ,197,2020-11-7,1894.68,2020-9-19,VanMinivan,user06,user20
SDBQO6SS2H8788376,Acura,CSX,2008,1291.57,great rpms; can be used as sports car; ,104,2021-6-9,2693.52,2021-3-9,Car,user04,user20
SHN7X1KFP65647255,Hyundai,VERACRUZ,2010,2784.96,manual transmission; ,46,2020-11-23,3006.81,2020-11-3,VanMinivan,user21,user07
SLW1XG4GWUM246789,Dodge,RAM 3500,2007,2773.96,ultra new transmission; sport utility vehicle-SUV; strong muffler; ,109,2021-4-2,3955.52,2020-11-13,Car,user10,user14
SSK6RJETTAY507275,Volvo,C70,2012,1316.1,automatic safety features; good piston; rack and pinion steering; ,89,2020-2-15,2431.63,2020-1-22,SUV,user19,user20
SSS7P1GXYA6831681,Rolls-Royce,GHOST,2013,3972.65,,38,2021-6-10,4448.54,2021-5-5,SUV,user04,user20
SYK3OZKA6FN066098,Subaru,TRIBECA,2010,9551.86,super new ignition system; ,103,2021-3-17,10119.4,2021-3-13,SUV,user01,user05
T0QADA6YOL4031160,MAZDA,MX-5 MIATA,2007,5065.48,sport utility vehicle-SUV; ,,,,2021-6-12,Truck,,user03
T24YYPUH8J8042832,Hyundai,AZERA,2006,7974.91,rear wheel drive; automatic safety features; ,,,,2021-3-31,Truck,,user07
T3LJKVCQKWT790170,Aston Martin,DBS,2010,10932.21,gap; high quality carburetor; ,192,2021-6-21,11529.33,2020-12-20,Car,user21,user03
TEYEM2FW6ZU902939,Cadillac,ESCALADE EXT,2004,2165.35,superturbocharger; ,117,2021-6-11,3765.44,2021-6-11,Car,user22,user14
TFRBNINRQHD994300,Toyota,YARIS,2007,5584.54,power train; ,160,2021-3-25,6018.3,2020-4-19,VanMinivan,user32,user14
TGKSWOGJI2H650745,Lotus,ESPRIT,2002,3135.15,super new ignition system; ,,,,2020-1-27,VanMinivan,,user03
TIGCC0J14W1049941,Ford,C-MAX,2020,3239.11,innovative air bags; ,24,2020-9-2,3247.17,2020-6-3,VanMinivan,user06,user20
TL4REEE1KVU236686,Lincoln,MKS,2013,1102.12,automatic valves; ,,,,2020-8-8,Car,,user27
TN71ZRAXPD7832958,Alfa Romeo,8C,2008,1213.13,wide chassis; ,184,2021-6-16,1776.5,2020-5-7,Convertible,user19,user27
TO6RWDMW814286852,McLaren,MP4-12C,2012,5855.6,automatic torque converter; no understeer; ,36,2021-1-19,7114.54,2020-1-18,Truck,user01,roland
TOHM82154DP914803,GMC,YUKON XL 2500,2012,3990.14,gap; Automotive Service Excellence (ASE); ,39,2021-4-22,4290.21,2021-3-21,SUV,user06,user26
TPWVCLGW5SF975070,Porsche,PANAMERA,2018,8939.26,overdrive; ,150,2021-6-30,8965.22,2021-6-18,Truck,user10,user09
TVKSQ24CI8Q683260,McLaren,MP4-12C,2012,2758.95,modern dashboard; ,68,2021-7-2,2260.78,2021-5-29,Car,roland,user25
TY6ELGLPBTV020931,Maserati,QUATTROPORTE,2010,2062.89,engine displacement; ,143,2020-7-18,2136.25,2020-6-30,Convertible,roland,user27
U2XIPWQ4U2Q518809,Mercedes-Benz,SLR MCLAREN,2005,4245.12,anti-lock brake system (ABS); ,118,2020-12-5,4142.67,2020-4-9,Car,user23,user14
U3Q7P5C8GZP868702,Nissan,370Z,2012,1863.84,automatic safety features; ,162,2021-6-11,2506.32,2021-1-12,SUV,user10,user03
U3Z8TODSG28826809,Freightliner,BUSINESS CLASS M2,2011,1966.73,wide cam; convertible; check the Monroney sticker - theer is nothing better than this vehicle; ,200,2021-2-27,3254.58,2021-2-20,SUV,user08,user05
U630YUK0F2X877887,Jaguar,XFR-S,2013,1988.06,hatchback; wide chassis; ,133,2021-1-3,2123.99,2020-6-28,Convertible,user32,user07
UB0FCRJ4Q31126837,Jaguar,XKR,2002,3936.03,,50,2021-7-2,4022.32,2021-6-16,SUV,roland,user26
UBR5KSD76ZB411512,Land Rover,LR3,2008,2429.96,,115,2021-6-11,2765.67,2020-12-15,Truck,user08,user11
UDGMKMHR25C842616,Lexus,HS250H,2012,2876,,113,2021-5-5,3711.22,2020-12-12,Car,user06,roland
UE021615KMB218122,Land Rover,RANGE ROVER SPORT,2007,1528.68,very hard struts; best radiator; ,89,2021-6-29,2107.39,2021-6-21,Convertible,user06,user18
UEJUQU101MB418637,Volvo,XC90,2009,3001.54,front axle assembly; normally aspirated; ,172,2020-11-27,3282.07,2020-7-29,Convertible,user06,user11
UF6A7D3BENH287178,Tesla,S,2017,4688.88,minivan; safe oil ring; ,,,,2021-3-23,Truck,,user14
UFZBV43FAC2764534,Lamborghini,GALLARDO,2008,2743.31,broad wheelbase; ,158,2020-5-11,3064.2,2020-4-27,VanMinivan,user06,roland
UHC76PD8DA6169438,Land Rover,RANGE ROVER SPORT,2010,2223.32,sturdy rear axle assembly; coupe; ,12,2020-11-29,2960.13,2020-7-12,VanMinivan,user06,user20
UHR044A6RAT399029,Freightliner,CASCADIA,2021,7788.24,front wheel drive; ,199,2021-2-18,7783.9,2020-7-16,SUV,user06,user07
UM0NVYDRPNQ372679,Lamborghini,DIABLO,2001,5138.38,Automotive Service Excellence (ASE); ,,,,2021-6-21,VanMinivan,,user09
UNHJCJVVT0L007357,Lincoln,MKZ,2012,1131.87,air filtration system; ,109,2021-4-1,1308.35,2020-1-17,SUV,user23,user18
URGQRLDWJAO598363,Freightliner,FC80,2001,2168.4,broad wheelbase; ,156,2021-2-10,2543.6,2020-11-29,SUV,user22,user27
URH3DGEQQ7S513356,Audi,A3 QUATTRO,2008,3939,broad wheelbase; broad wheelbase; ,99,2020-10-7,4106.11,2020-5-11,Truck,user32,user05
UUPC35QW7DS635068,BMW,R1200GS,2008,4680.56,automatic torque converter; ,,,,2020-7-8,SUV,,user07
V34AR0KQFXB030143,Volvo,S80,2006,2654.27,,,,,2020-7-3,VanMinivan,,user20
V5NULLM2X1M103960,Lamborghini,AVENTADOR,2021,11058.52,,173,2020-10-23,11358.79,2020-7-15,Truck,user06,roland
V7RRXZF3UDD625897,McLaren,MP4-12C,2017,2758.95,high quality carburetor; ,137,2021-3-17,3285.6,2021-2-15,SUV,user19,user27
VGE7R67HBNW773708,Audi,S8,2002,4190.23,best sedan; sturdy side impact beams; ,86,2021-6-14,5324.57,2021-5-16,Convertible,user10,user09
VHN8VKHSZSO282046,McLaren,MP4-12C,2012,2758.95,automatic torque converter; active safety features; ultra new transmission; ,59,2021-5-22,2810.17,2021-4-23,Car,user01,user26
VLRKLTIXYIZ273737,Tesla,X,2015,1721.59,wide chassis; very hard struts; ,21,2021-6-8,1997.98,2021-3-26,SUV,user01,user14
VOO8ABE46Z0963128,Kia,RONDO,2009,2364.08,high quality carburetor; ,47,2021-6-17,3399.73,2021-6-17,SUV,user01,user07
VOQ56SWYWJB706872,smart,CABRIO,2005,1057.12,engine displacement; ,26,2021-3-9,1686.13,2020-4-9,SUV,user08,user11
VU1M5IDDL6S091256,Lotus,ESPRIT,2002,3135.15,,122,2020-8-11,3969.35,2020-5-30,Convertible,roland,user16
VX1PVFHZBMX335341,BMW,550I,2016,1209.29,,24,2020-11-10,1759.23,2020-1-17,Convertible,user01,user05
W1RYVGXFD68971984,Chrysler,TOWN & COUNTRY,2012,3972.5,great rpms; ,73,2021-3-15,4405.62,2020-5-6,SUV,user19,user16
W2VUHN4XNA2086153,MAZDA,MX-5 MIATA,2006,1964.74,air filtration system; small spark plug gap; hatchback; ,,,,2020-4-9,SUV,,user18
WAKUE2I52W0243711,Subaru,BAJA,2006,3998.31,,126,2021-5-27,5168.62,2020-5-19,Truck,user23,user16
WIXBCOXFFO3054405,Ferrari,CALIFORNIA,2009,2482.68,modern dashboard; ,,,,2021-3-19,Car,,user07
WO62TPHPUNV545044,Mercedes-Benz,SL550,2007,4563.49,drive shaft; ,77,2020-12-12,4993.56,2020-1-4,Truck,user22,user03
WQBEI8L8OTJ787811,Alfa Romeo,4C,2014,3543.33,convertible; ,7,2020-10-19,3412.14,2020-9-8,VanMinivan,user08,user03
WRJTUEFBEKL053792,Subaru,WRX,2018,14079.22,Automotive Service Excellence (ASE); ,6,2020-9-26,14200.51,2020-9-24,Truck,user21,user16
WW18EWD32UW766155,Porsche,BOXSTER,2011,3077.71,,,,,2020-9-2,SUV,,user26
WXXT4CJXT8X866335,Land Rover,RANGE ROVER EVOQUE,2019,2089.91,check the Monroney sticker - theer is nothing better than this vehicle; ,60,2021-3-18,3668.54,2020-11-22,Car,user19,user25
WZLYDQJPVXX172107,Rolls-Royce,GHOST,2010,3972.65,safe oil ring; gap; supernew catalytic converter; ,182,2021-7-3,5045.01,2020-11-17,Car,user10,user27
X20OKJA25ZI851267,Ferrari,612 SCAGLIETTI,2010,2452.04,great engine; power train; ,195,2021-6-27,3351.28,2020-11-16,SUV,user32,user11
X7WRF6GJKRO032058,Acura,CL,2001,1748.2,very hard struts; ,156,2020-7-11,2251.08,2020-1-28,Car,roland,user18
XFN55MCIYNY954918,Jaguar,XJR,2006,3804.27,small spark plug gap; high differential; sport utility vehicle-SUV; ,161,2021-1-14,4216.01,2020-12-13,Truck,user10,user26
XG6TUSMRKJ7859790,Mercedes-Benz,S550,2009,2080.07,good gear; no understeer; ,144,2021-3-9,2742.24,2020-11-20,SUV,user06,user09
XKOR6FN4NB0771721,Land Rover,DISCOVERY,2017,5218.62,can be used as sports car; ,152,2020-9-28,5739.49,2020-1-24,Convertible,user22,user25
XLE7HGMPN41742434,MINI,COOPER,2011,2531.54,no understeer; ,195,2020-12-22,3795.24,2020-10-11,VanMinivan,user01,user26
XNCXSM3JPVX095298,Audi,ALLROAD,2020,1251.22,,121,2020-11-15,1411.23,2020-4-2,VanMinivan,roland,user26
XQN1UDCTS1L283228,Tesla,S,2013,2654.48,high differential; ,,,,2020-1-5,SUV,,user20
XTL7REP4G5A986109,Jaguar,XJ8,2006,4101.38,crankcase; gap; sturdy side impact beams; ,,,,2021-3-22,Truck,,user14
XW26GD4VYPB194891,MINI,COOPER,2005,2531.54,,167,2020-8-11,3388.74,2020-7-8,VanMinivan,user06,user03
XZH6HV3YNEO902234,Dodge,ATOS,2008,1900.49,gap; station wagon (Also known as wagon.); ,121,2021-2-13,3154.05,2020-12-11,Convertible,user23,user16
Y3YFDYEUPJ2715198,Lamborghini,MURCIELAGO,2005,3704.7,drive shaft; no understeer; ,152,2021-6-21,4809.52,2020-8-30,VanMinivan,user19,user03
Y80MGSI0T6F866229,Honda,CBR1000RR ABS,2011,1742.76,great engine; ,150,2021-6-2,2751.04,2020-11-21,Car,user21,user16
Y8C5IT8AQ05184927,Cadillac,DTS,2010,4707,sturdy side impact beams; ,124,2021-6-11,5473.91,2021-6-9,Truck,user08,user26
Y8H36PV2KE7172895,Kia,AMANTI,2005,5733.81,fuel injection; ,,,,2021-1-21,SUV,,roland
Y8Z0KNDQWL2566444,Mitsubishi,FE125,2008,1104.39,wide transaxle; high torque; front wheel drive; ,35,2020-7-6,1835.07,2020-5-16,VanMinivan,user10,user11
YAZCSXVG8FR318362,Maserati,COUPE,2004,7694.5,overdrive; small spark plug gap; all passive safety features; ,31,2020-10-7,7315.16,2020-9-19,SUV,user01,user20
YBD4KM44KTR488107,Lamborghini,DIABLO,2001,5138.38,,,,,2020-8-2,VanMinivan,,user25
YDUVE4Y7TY7392605,Rolls-Royce,PHANTOM,2007,1706.99,superturbocharger; ,80,2020-12-27,2555.99,2020-8-4,Car,user10,user11
YH26TJ504TO241467,INFINITI,FX50,2013,1565.41,,26,2021-2-17,1693.22,2020-8-18,Car,user32,user09
YHXRVAZZU61082434,Land Rover,LR3,2007,2429.96,,115,2021-6-8,3142.48,2020-4-22,SUV,user32,user25
YJ3Y7H3KJRI908228,Lotus,EXIGE,2007,4789.06,front axle assembly; ,62,2021-6-14,4481.18,2020-11-25,SUV,roland,user14
YK5IEXQC53O490199,Tesla,S,2021,2654.48,original equipment manufacturer (OEM) parts; ,194,2021-6-1,3446.55,2020-12-7,Car,user19,user16
YOFF7JGYY7O418558,Acura,MDX,2008,3010.32,autotachometer; ,165,2021-7-1,3400.79,2021-4-28,SUV,user21,user11
YQKTZSBESHS704350,Lexus,GS350,2008,1806.57,safe oil ring; ultra new transmission; ,84,2021-6-1,2525.97,2021-3-17,VanMinivan,user22,user25
YR0BYZ2LKGR405349,Kia,SEDONA,2011,3915.86,high block; ,178,2020-9-18,5532.68,2020-2-13,VanMinivan,user08,roland
YVB5QZPUU4J557508,Porsche,CAYMAN,2006,6186.1,supernew catalytic converter; best possible traction; ,88,2021-6-28,6363.72,2020-4-3,Convertible,roland,user14
YVCC3OMTRFN440424,Dodge,CALIBER,2008,2029.62,best possible traction; rack and pinion steering; ,192,2021-1-10,3467.11,2020-12-30,VanMinivan,user04,user25
YW0NB0HVBXQ136944,Ford,E-250,2004,2228.48,active safety features; manual transmission; ,171,2021-3-14,2482.43,2020-2-28,Convertible,user08,user03
YXGLZG8ECDM958701,Bentley,AZURE,2006,1136.21,power train; supernew catalytic converter; overdrive; ,22,2021-5-26,1676.8,2021-5-19,Truck,user10,user26
YY8OSRCI6X0011928,Alfa Romeo,GIULIETTA,2013,2956.84,superturbocharger; ,130,2021-3-26,3223.71,2020-2-6,VanMinivan,user10,user25
YYD1IOVV8LV476788,Volkswagen,GOLF CITY,2010,3598.04,best suspension; ,146,2020-8-31,4481.04,2020-8-31,VanMinivan,user19,user03
Z0A37CJ5Q6J159776,Aston Martin,DB9,2007,1334.85,no redline; ,78,2021-7-3,2283.42,2021-7-1,SUV,user08,user03
Z1ASPSHALNI992893,Nissan,TITAN,2004,1175.9,,151,2020-6-10,3079.19,2020-1-7,Convertible,user23,user26
Z1MBS0LZ6BU099956,Volvo,XC70,2011,3369.1,disc brake; automatic transmission; ,48,2021-3-1,3817.03,2021-2-23,Car,user10,user03
Z2RRAJH2X3J850942,Mitsubishi,OUTLANDER SPORT,2013,3255.91,detail; ,113,2020-12-3,3590.78,2020-6-27,Truck,user32,user05
Z3BUCA4HE1G243690,Dodge,STRATUS,2003,1148.67,four-wheel drive; ,172,2021-6-18,1511,2020-4-26,Truck,user10,user11
Z7VWWWNUAXQ698054,Audi,A6,2002,1754.25,four-wheel drive; ,137,2021-6-22,1953.94,2021-6-18,SUV,user01,user27
ZAZZSPQY2MF351571,Mitsubishi,FM330,2008,3152.11,wide cam; detail; ,139,2020-11-23,5853.75,2020-6-15,Car,user01,user16
ZBJWXVPPM7K107746,SAAB,9-5,2006,1177.06,no backfire/backfiring; oversteer; ,122,2020-12-10,972.23,2020-10-23,Truck,roland,user05
ZBPE1C11UOK224003,Chrysler,PROWLER,2001,2950,superturbocharger; ultra new transmission; ,108,2021-4-26,4080.87,2020-6-19,Truck,user08,user09
ZJ5FW1Z062W312587,GMC,SIERRA 2500 HD,2007,2986.48,drum brake; ,,,,2020-10-4,Car,,user11
ZMFC1QCDIBE228233,McLaren,P1,2020,1024.25,,,,,2020-2-7,Car,,user11
ZSQLODTR32F951695,Subaru,IMPREZA,2021,2071.43,rear wheel drive; ,37,2021-5-28,2772.56,2021-1-21,Truck,user21,user25
ZUH3A73K7QN853290,Freightliner,CLASSIC,2006,1278.37,drum brake; ,65,2021-3-23,1274.65,2021-3-10,Convertible,user22,user11
ZUWIG7658G1890179,Rolls-Royce,PHANTOM,2009,1706.99,,77,2021-2-8,1728.44,2020-10-22,Convertible,user32,user11
ZX50RRJVFCP539257,SAAB,9-2X,2006,1822.31,,118,2021-2-20,2051.9,2020-6-1,SUV,user23,user05
ZZCURK8V4CR757611,Jaguar,SUPER V8,2009,1377.75,drum brake; ,83,2021-5-31,1968.33,2021-5-12,SUV,roland,user18